id,title,content,author,tags
a4ca9787-c5be-4b67-8350-6a6b258e1823,new title,this is updated content,mark,"new_tag,old_tag"
c80f520b-1ead-4d47-88fa-56f36cf7e685,title2,content2,author2,"tag2, tag3"
b3cb153f-4488-4e56-90ef-92b4b76de6fc,title2,content2,author2,"tag2, tag3"
36c8cf0c-44aa-4df8-b52a-a1c02213f4ca,title2,content2,author2,"tag2, tag3"
e43fa2a2-1714-4271-b8f3-00fc002ff96f,development,this is development content,ben,"horror,scifi,drama"
f3516100-aeb3-4e9c-89d9-1129333b6841,Sample Title,Sample Content,Author Name,"test,blog"
53c00163-0e09-4686-915f-6bf6347a4e6c,Updated Title,Content to Update,Author,"tag1,tag2"
b6c18419-fc03-4d5c-a24e-9de4e76594d4,Title to Search,Content to Search,Author,searchtag
46e0a7d0-b827-444c-b322-374e2a82b7bd,Sample Title,Sample Content,Author Name,"test,blog"
85a765be-e4bd-44ed-a8b6-f3be63f1ac11,Updated Title,Content to Update,Author,"tag1,tag2"
69a00144-55ea-4d7f-a2ff-140a0b313c6f,Title to Search,Content to Search,Author,searchtag
8d2338fc-3190-43b6-b397-8390cc6fc384,Sample Title,Sample Content,Author Name,"test,blog"
d866b3d6-1c99-4324-b316-6fb4dc2159b4,Updated Title,Content to Update,Author,"tag1,tag2"
a53aaabe-b197-4c5e-8716-a2591730b706,Title to Search,Content to Search,Author,searchtag
e578a856-4c96-4482-8ddf-0ce4d7845ad0,Sample Title,Sample Content,Author Name,"test,blog"
1247e122-843a-4cd2-aa41-5acac01e4896,Updated Title,Content to Update,Author,"tag1,tag2"
41aa23ae-a2f8-4dc7-93f8-e5c5338ee304,Title to Search,Content to Search,Author,searchtag
